k,ssw_mean,ssw_std,ssw_min,ssw_max,ssb_mean,ssb_std,ssb_min,ssb_max,silhouette_mean,silhouette_std,silhouette_min,silhouette_max,davies_bouldin_mean,davies_bouldin_std,davies_bouldin_min,davies_bouldin_max,ari_entre_corridas_mean,ari_entre_corridas_std,ari_entre_corridas_min,ari_entre_corridas_max
2,16307.352097710173,0.004133323617317105,16307.34488663451,16307.360248512732,651.0342806887097,0.0041333236171562475,651.0261298861496,651.041491764372,0.03812823378290689,4.108769450998881e-06,0.03811269455558542,0.03813248843192279,4.835732403208713,0.0009678609457371566,4.831544675119579,4.837214735272532,0.9977917969335967,0.0016306842332392912,0.9924071371391391,1.0
3,15869.549231868452,28.628387789914658,15854.640310353898,15973.873065737938,1088.8371465304292,28.6283877899146,984.5133126609435,1103.746068044984,0.0418595776390677,0.0016014186599748465,0.03704385509675129,0.04267962799954777,4.5285427301712255,0.1792031082830648,4.324868176347639,5.014435560551584,0.7827519462622461,0.22094382572933555,0.44572842924152645,1.0
4,15509.945519963581,31.327882075585503,15488.920227241468,15614.297047822485,1448.4408584353005,31.327882075585173,1344.0893305763966,1469.466151157414,0.0450304906036143,0.0016533990301313998,0.03689955685806765,0.04659148615904383,4.319591643675171,0.0759772227525421,4.162428140958807,4.591255511124577,0.746905711924943,0.16574904705701135,0.29945869137064307,0.99903909833411
5,15199.78196015367,54.680221317592235,15165.165827899378,15363.471131084792,1758.6044182452104,54.680221317592334,1594.9152473140894,1793.2205504995036,0.048394872983886186,0.004125078794300912,0.03910275269809781,0.05108861125872602,4.0618419733612825,0.20036496008493188,3.9316702351945048,4.504835053068723,0.7993568797939454,0.21630159350994055,0.4581074788608032,0.9998683807117241
6,14956.208974605517,32.0649874239103,14936.363444471486,15109.481937249184,2002.1774037933658,32.064987423910054,1848.904441149698,2022.0229339273956,0.04905517255613858,0.0012274225206330518,0.04337221069507002,0.052757487360522576,4.0345146073403075,0.1155926528891536,3.5112973981642637,4.248332011772962,0.7474941008494924,0.1463641146046079,0.430436234399755,0.9972989600804295
7,14751.875130706923,24.46542404536109,14730.343089672913,14826.897015560568,2206.511247691958,24.465424045361317,2131.4893628383143,2228.0432887259685,0.04982156998582922,0.0015688047200252543,0.04601358055960039,0.05208606256600326,3.950905770618368,0.08737735603099141,3.7118603577555995,4.169862677206174,0.6913722262721006,0.14194647080588194,0.42252633880145374,0.9978353499998023
8,14566.923129889472,31.05235623871405,14526.680561205078,14669.327519639935,2391.46324850941,31.052356238713884,2289.0588587589464,2431.7058171938043,0.050980502721857376,0.0015842342386805847,0.04630275878507097,0.05297634970461972,3.8554554680453146,0.0842548784919081,3.4449199664282837,4.075324036772156,0.6536628484695542,0.12463021637711809,0.43770058101675313,0.9911912348113684
9,14383.855270600307,30.453343817110035,14354.274226887237,14476.657318964335,2574.5311077985743,30.45334381710992,2481.729059434547,2604.1121515116447,0.052346990659013874,0.00162197278473842,0.047413877359394736,0.054244370013393724,3.7625315332538007,0.05111408565905036,3.611083154744309,3.899295351577432,0.6891680253246535,0.1107267899259031,0.4322644349586012,0.9885093890309697
10,14231.81368401182,35.48602769174774,14189.292796928727,14363.184028030118,2726.572694387062,35.48602769174768,2595.2023503687633,2769.093581470155,0.053277722114243184,0.0013448154839759102,0.049014658117078794,0.05547533626478715,3.70814406490721,0.058995194886797,3.620046907925078,3.8492023266805147,0.6566178312947858,0.11421167747686195,0.4432364921327205,0.9901399397016852
