k,corrida,random_state,ssw,ssb,silhouette,davies_bouldin
2,1,20043,16307.345542985257,651.0408354136252,0.038124835335891706,4.83483470828392
2,2,20044,16307.346584821626,651.0397935772562,0.03812493973138805,4.835111195534197
2,3,20045,16307.360248512732,651.0261298861496,0.038130117396973036,4.837086720179387
2,4,20046,16307.349058611879,651.0373197870031,0.038121136496362944,4.832247136409561
2,5,20047,16307.348012612687,651.0383657861948,0.03812493973138805,4.835247475445396
2,6,20048,16307.354554535348,651.0318238635336,0.038130117396973036,4.836260162274191
2,7,20049,16307.352074708204,651.0343036906779,0.03813248843192279,4.835953191075879
2,8,20050,16307.347859282567,651.038519116315,0.03812493973138805,4.835247475445396
2,9,20051,16307.352880933198,651.0334974656835,0.038131460320703636,4.835554968437847
2,10,20052,16307.352880933198,651.0334974656835,0.038131460320703636,4.835554968437847
2,11,20053,16307.35507903781,651.0312993610714,0.038130117396973036,4.836260162274191
2,12,20054,16307.35767236209,651.0287060367918,0.038130117396973036,4.836681150310843
2,13,20055,16307.345530934235,651.0408474646465,0.03812493973138805,4.8348343044787025
2,14,20056,16307.347859282567,651.038519116315,0.03812493973138805,4.835247475445396
2,15,20057,16307.354370971883,651.0320074269985,0.03813248843192279,4.8365060976227
2,16,20058,16307.35231284162,651.0340655572618,0.038131842939446645,4.835958827141462
2,17,20059,16307.353581895597,651.0327965032848,0.038131842939446645,4.836232563472489
2,18,20060,16307.347859282567,651.038519116315,0.03812493973138805,4.835247475445396
2,19,20061,16307.347859282567,651.038519116315,0.03812493973138805,4.835247475445396
2,20,20062,16307.3525665816,651.0338118172822,0.038131460320703636,4.835554968437847
2,21,20063,16307.352880933198,651.0334974656835,0.038131460320703636,4.835554968437847
2,22,20064,16307.357161287338,651.0292171115434,0.038130117396973036,4.836681150310843
2,23,20065,16307.354554535348,651.0318238635336,0.038130117396973036,4.836260162274191
2,24,20066,16307.352880933198,651.0334974656835,0.038131460320703636,4.835554968437847
2,25,20067,16307.34704275613,651.0393356427521,0.03812493973138805,4.835247475445396
2,26,20068,16307.34625158906,651.0401268098212,0.03812493973138805,4.835111195534197
2,27,20069,16307.354554535348,651.0318238635336,0.038130117396973036,4.836260162274191
2,28,20070,16307.348278020207,651.0381003786752,0.03812222682913491,4.8348356488362265
2,29,20071,16307.352880933198,651.0334974656835,0.038131460320703636,4.835554968437847
2,30,20072,16307.354158887894,651.0322195109875,0.038131842939446645,4.836232563472489
2,31,20073,16307.354554535348,651.0318238635336,0.038130117396973036,4.836260162274191
2,32,20074,16307.346693858988,651.0396845398936,0.038117957873731415,4.834130327340691
2,33,20075,16307.35231284162,651.0340655572618,0.038131842939446645,4.835958827141462
2,34,20076,16307.356495704498,651.0298826943836,0.038130117396973036,4.836681150310843
2,35,20077,16307.354554535348,651.0318238635336,0.038130117396973036,4.836260162274191
2,36,20078,16307.352880933198,651.0334974656835,0.038131460320703636,4.835554968437847
2,37,20079,16307.354158887894,651.0322195109875,0.038131842939446645,4.836232563472489
2,38,20080,16307.356495704498,651.0298826943836,0.038130117396973036,4.836681150310843
2,39,20081,16307.35767236209,651.0287060367918,0.038130117396973036,4.836681150310843
2,40,20082,16307.353323564459,651.0330548344227,0.03813248843192279,4.836096282589579
2,41,20083,16307.34559762346,651.0407807754218,0.03812493973138805,4.835111195534197
2,42,20084,16307.348012612687,651.0383657861948,0.03812493973138805,4.835247475445396
2,43,20085,16307.354554535348,651.0318238635336,0.038130117396973036,4.836260162274191
2,44,20086,16307.357161287338,651.0292171115434,0.038130117396973036,4.836681150310843
2,45,20087,16307.34625158906,651.0401268098212,0.03812493973138805,4.835111195534197
2,46,20088,16307.354554535348,651.0318238635336,0.038130117396973036,4.836260162274191
2,47,20089,16307.347225823276,651.0391525756058,0.03811939761447237,4.8349587895311155
2,48,20090,16307.357161287337,651.0292171115452,0.038130117396973036,4.836681150310843
2,49,20091,16307.352880933198,651.0334974656835,0.038131460320703636,4.835554968437847
2,50,20092,16307.3467426228,651.0396357760819,0.03812493973138805,4.835247475445396
2,51,20093,16307.345140110878,651.041238288004,0.03811755788772026,4.832791745808401
2,52,20094,16307.356495704498,651.0298826943836,0.038130117396973036,4.836681150310843
2,53,20095,16307.346454389528,651.0399240093539,0.03812493973138805,4.835111195534197
2,54,20096,16307.354554535348,651.0318238635336,0.038130117396973036,4.836260162274191
2,55,20097,16307.354554535348,651.0318238635336,0.038130117396973036,4.836260162274191
2,56,20098,16307.348012612687,651.0383657861948,0.03812493973138805,4.835247475445396
2,57,20099,16307.345275101205,651.0411032976772,0.03811755788772026,4.832382053568665
2,58,20100,16307.34488663451,651.041491764372,0.03811880175453481,4.834826187445929
2,59,20101,16307.353380393002,651.0329980058796,0.038131460320703636,4.835285190692021
2,60,20102,16307.357161287338,651.0292171115434,0.038130117396973036,4.836681150310843
2,61,20103,16307.357161287338,651.0292171115434,0.038130117396973036,4.836681150310843
2,62,20104,16307.3525665816,651.0338118172822,0.038131460320703636,4.835554968437847
2,63,20105,16307.3467426228,651.0396357760819,0.03812493973138805,4.835247475445396
2,64,20106,16307.345011958414,651.0413664404678,0.03812493973138805,4.835111195534197
2,65,20107,16307.352880933198,651.0334974656835,0.038131460320703636,4.835554968437847
2,66,20108,16307.360248512732,651.0261298861496,0.038130117396973036,4.837086720179387
2,67,20109,16307.347859282567,651.038519116315,0.03812493973138805,4.835247475445396
2,68,20110,16307.354554535348,651.0318238635336,0.038130117396973036,4.836260162274191
2,69,20111,16307.34625158906,651.0401268098212,0.03812493973138805,4.835111195534197
2,70,20112,16307.354370971883,651.0320074269985,0.03813248843192279,4.8365060976227
2,71,20113,16307.346324677652,651.0400537212299,0.03812493973138805,4.835111195534197
2,72,20114,16307.354554535348,651.0318238635336,0.038130117396973036,4.836260162274191
2,73,20115,16307.357161287338,651.0292171115434,0.038130117396973036,4.836681150310843
2,74,20116,16307.354554535348,651.0318238635336,0.038130117396973036,4.836260162274191
2,75,20117,16307.354045306354,651.0323330925276,0.03813248843192279,4.836365322043211
2,76,20118,16307.348012612687,651.0383657861948,0.03812493973138805,4.835247475445396
2,77,20119,16307.354554535348,651.0318238635336,0.038130117396973036,4.836260162274191
2,78,20120,16307.34625158906,651.0401268098212,0.03812493973138805,4.835111195534197
2,79,20121,16307.354554535348,651.0318238635336,0.038130117396973036,4.836260162274191
2,80,20122,16307.34861627826,651.0377621206226,0.0381255520006103,4.835652729857078
2,81,20123,16307.354554535348,651.0318238635336,0.038130117396973036,4.836260162274191
2,82,20124,16307.353323564459,651.0330548344227,0.03813248843192279,4.836096282589579
2,83,20125,16307.35767236209,651.0287060367918,0.038130117396973036,4.836681150310843
2,84,20126,16307.357902281303,651.028476117579,0.038130117396973036,4.836818218554949
2,85,20127,16307.354554535348,651.0318238635336,0.038130117396973036,4.836260162274191
2,86,20128,16307.35231284162,651.0340655572618,0.038131842939446645,4.835958827141462
2,87,20129,16307.352880933198,651.0334974656835,0.038131460320703636,4.835554968437847
2,88,20130,16307.352880933198,651.0334974656835,0.038131460320703636,4.835554968437847
2,89,20131,16307.354554535348,651.0318238635336,0.038130117396973036,4.836260162274191
2,90,20132,16307.3467426228,651.0396357760819,0.03812493973138805,4.835247475445396
2,91,20133,16307.347398547168,651.0389798517135,0.03811880175453481,4.8348251024786
2,92,20134,16307.354554535348,651.0318238635336,0.038130117396973036,4.836260162274191
2,93,20135,16307.346662686094,651.0397157127882,0.03811269455558542,4.831544675119579
2,94,20136,16307.356620598104,651.0297578007776,0.038130117396973036,4.836804425887636
2,95,20137,16307.35767236209,651.0287060367918,0.038130117396973036,4.836681150310843
2,96,20138,16307.352880933198,651.0334974656835,0.038131460320703636,4.835554968437847
2,97,20139,16307.353009982053,651.033368416829,0.038131842939446645,4.836232563472489
2,98,20140,16307.354554535348,651.0318238635336,0.038130117396973036,4.836260162274191
2,99,20141,16307.354554535348,651.0318238635336,0.038130117396973036,4.836260162274191
2,100,20142,16307.357969087767,651.028409311115,0.038130507735974935,4.837214735272532
3,1,30043,15854.865263829008,1103.521114569874,0.042470772623988594,4.361802380268984
3,2,30044,15854.658048519359,1103.7283298795228,0.04241753102777168,4.337149437276191
3,3,30045,15858.525912226518,1099.8604661723639,0.042630001135662086,4.52024590044407
3,4,30046,15858.522204665547,1099.8641737333346,0.042630001135662086,4.519743987129615
3,5,30047,15858.522657068523,1099.863721330359,0.042630001135662086,4.519998440328931
3,6,30048,15858.522288934004,1099.864089464878,0.042630001135662086,4.519679137057713
3,7,30049,15858.524615602822,1099.8617627960593,0.042630001135662086,4.520116195593159
3,8,30050,15858.522288934004,1099.864089464878,0.042630001135662086,4.519679137057713
3,9,30051,15854.64978231931,1103.7365960795723,0.042416793589928184,4.336571655112608
3,10,30052,15854.6716486523,1103.7147297465817,0.042425989552492424,4.325289442485489
3,11,30053,15923.562381898562,1034.8239965003195,0.03894227145437391,5.011047759025172
3,12,30054,15858.521888915078,1099.8644894838035,0.04264313374229155,4.518053871138985
3,13,30055,15973.87083540668,984.5155429922015,0.037135939632622204,4.5769644485768906
3,14,30056,15854.867799601307,1103.5185787975752,0.04247348239527276,4.362010718248318
3,15,30057,15858.525143396178,1099.8612350027033,0.042630001135662086,4.520116195593159
3,16,30058,15858.522204665547,1099.8641737333346,0.042630001135662086,4.519743987129615
3,17,30059,15858.525143396178,1099.8612350027033,0.042630001135662086,4.520116195593159
3,18,30060,15854.865812066124,1103.5205663327579,0.04246508785495459,4.361747571363409
3,19,30061,15854.865198771939,1103.5211796269432,0.04246350449797509,4.362042401036592
3,20,30062,15917.80020639912,1040.586171999761,0.03850765604401799,4.840117310068593
3,21,30063,15858.522204665547,1099.8641737333346,0.042630001135662086,4.519743987129615
3,22,30064,15858.525496431192,1099.8608819676901,0.042630001135662086,4.520116195593158
3,23,30065,15858.53785388321,1099.8485245156717,0.04267377716557433,4.510685330633716
3,24,30066,15858.524615602822,1099.8617627960593,0.042630001135662086,4.520116195593159
3,25,30067,15858.52248447126,1099.8638939276225,0.04263733793559526,4.518999051143296
3,26,30068,15858.522657068523,1099.863721330359,0.042630001135662086,4.519998440328931
3,27,30069,15858.523236547437,1099.863141851445,0.042630001135662086,4.519963083649085
3,28,30070,15917.814301343094,1040.5720770557873,0.03848012789559147,4.837712387102809
3,29,30071,15854.674436582554,1103.7119418163275,0.04244480954852249,4.326463769775114
3,30,30072,15858.524615602822,1099.8617627960593,0.042630001135662086,4.520116195593159
3,31,30073,15854.865263829008,1103.521114569874,0.042470772623988594,4.361802380268984
3,32,30074,15854.865263829008,1103.521114569874,0.042470772623988594,4.361802380268984
3,33,30075,15923.424645132176,1034.9617332667058,0.038907021750518536,5.011315202963902
3,34,30076,15858.523236547437,1099.863141851445,0.042630001135662086,4.519963083649085
3,35,30077,15854.867155403343,1103.5192229955392,0.04245543969985964,4.361835490316965
3,36,30078,15854.671098646399,1103.7152797524832,0.04242995880740733,4.324868176347639
3,37,30079,15854.673952021989,1103.7124263768928,0.04242848337090617,4.325407416959063
3,38,30080,15923.440181059163,1034.9461973397192,0.038925578789873704,5.010558361987816
3,39,30081,15858.522657068523,1099.863721330359,0.042630001135662086,4.519998440328931
3,40,30082,15854.6601109211,1103.7262674777812,0.042421184394233924,4.337464171098819
3,41,30083,15858.524615602822,1099.8617627960593,0.042630001135662086,4.520116195593158
3,42,30084,15858.522657068523,1099.863721330359,0.042630001135662086,4.519998440328931
3,43,30085,15858.522657068523,1099.863721330359,0.042630001135662086,4.519998440328931
3,44,30086,15854.865263829008,1103.521114569874,0.042470772623988594,4.361802380268984
3,45,30087,15923.426040388753,1034.960338010129,0.038916876849680045,5.010711588573709
3,46,30088,15854.851434255299,1103.5349441435828,0.042479242497153354,4.360765636933848
3,47,30089,15858.525912226518,1099.8604661723639,0.042630001135662086,4.520245900444069
3,48,30090,15917.793192756872,1040.5931856420102,0.038459724527616666,4.844643402960162
3,49,30091,15858.525143396178,1099.8612350027033,0.042630001135662086,4.520116195593159
3,50,30092,15917.791521343788,1040.5948570550936,0.03845735146920656,4.838240247432495
3,51,30093,15858.524615602822,1099.8617627960593,0.042630001135662086,4.520116195593159
3,52,30094,15858.522204665547,1099.8641737333346,0.042630001135662086,4.519743987129615
3,53,30095,15854.672814975342,1103.71356342354,0.04244131582272916,4.325774057167827
3,54,30096,15858.522657068523,1099.863721330359,0.042630001135662086,4.519998440328931
3,55,30097,15854.64415926918,1103.742219129701,0.04239786523838086,4.331674695385805
3,56,30098,15854.865263829008,1103.521114569874,0.042470772623988594,4.361802380268984
3,57,30099,15854.867155403343,1103.5192229955392,0.04245543969985964,4.361835490316965
3,58,30100,15858.522204665547,1099.8641737333346,0.042630001135662086,4.519743987129615
3,59,30101,15971.96928692842,986.417091470461,0.03704385509675129,4.685858438999008
3,60,30102,15854.672447499945,1103.7139308989372,0.04242848337090617,4.325447582641076
3,61,30103,15854.865263829008,1103.521114569874,0.042470772623988594,4.361802380268984
3,62,30104,15917.790879838987,1040.5954985598946,0.03846915073505073,4.8427807529818
3,63,30105,15854.6624071061,1103.7239712927822,0.04244174015548507,4.327574299216881
3,64,30106,15854.662694927438,1103.723683471444,0.042451109723299796,4.327311285424699
3,65,30107,15973.873065737938,984.5133126609435,0.03715049104346774,4.577247963288078
3,66,30108,15858.54529435221,1099.8410840466713,0.04267962799954777,4.5082624042419255
3,67,30109,15858.525496431192,1099.8608819676901,0.042630001135662086,4.520116195593159
3,68,30110,15858.523236547437,1099.863141851445,0.042630001135662086,4.519963083649085
3,69,30111,15858.522657068523,1099.863721330359,0.042630001135662086,4.519998440328931
3,70,30112,15917.793693007121,1040.5926853917608,0.038467350956162896,4.845059580307757
3,71,30113,15854.865263829008,1103.521114569874,0.042470772623988594,4.361802380268984
3,72,30114,15854.640310353898,1103.746068044984,0.04239076476146977,4.332180066914428
3,73,30115,15858.525143396178,1099.8612350027033,0.042630001135662086,4.520116195593158
3,74,30116,15858.524615602822,1099.8617627960593,0.042630001135662086,4.520116195593158
3,75,30117,15858.522288934004,1099.864089464878,0.042630001135662086,4.519679137057713
3,76,30118,15858.522657068523,1099.863721330359,0.042630001135662086,4.519998440328931
3,77,30119,15858.522204665547,1099.8641737333346,0.042630001135662086,4.519743987129615
3,78,30120,15917.792787942704,1040.5935904561775,0.03846298145039591,4.843685633969318
3,79,30121,15923.432978251123,1034.9534001477587,0.03890955381249529,5.014435560551584
3,80,30122,15858.524615602822,1099.8617627960593,0.042630001135662086,4.520116195593158
3,81,30123,15854.641752563395,1103.7446258354867,0.04244567962120024,4.329270552373916
3,82,30124,15917.795267965548,1040.5911104333336,0.038461845590525956,4.84522311728828
3,83,30125,15858.525912226518,1099.8604661723639,0.042630001135662086,4.520245900444069
3,84,30126,15858.523236547437,1099.863141851445,0.042630001135662086,4.519963083649085
3,85,30127,15858.522657068523,1099.863721330359,0.042630001135662086,4.519998440328931
3,86,30128,15858.525143396178,1099.8612350027033,0.042630001135662086,4.520116195593159
3,87,30129,15858.522204665547,1099.8641737333346,0.042630001135662086,4.519743987129615
3,88,30130,15858.52470922691,1099.8616691719726,0.042672484312057495,4.514840364539649
3,89,30131,15858.522204665547,1099.8641737333346,0.042630001135662086,4.519743987129615
3,90,30132,15858.522288934004,1099.864089464878,0.042630001135662086,4.519679137057713
3,91,30133,15858.522288934004,1099.864089464878,0.042630001135662086,4.519679137057713
3,92,30134,15858.523236547437,1099.863141851445,0.042630001135662086,4.519963083649085
3,93,30135,15858.525143396178,1099.8612350027033,0.042630001135662086,4.520116195593159
3,94,30136,15854.672034971118,1103.714343427764,0.04242848337090617,4.3254235279492335
3,95,30137,15858.523225663308,1099.8631527355737,0.04263186544890028,4.51981629752868
3,96,30138,15858.523863017577,1099.8625153813045,0.042630001135662086,4.520056670582172
3,97,30139,15858.525143396178,1099.8612350027033,0.042630001135662086,4.520116195593159
3,98,30140,15858.525496431192,1099.8608819676901,0.042630001135662086,4.520116195593159
3,99,30141,15858.516772371404,1099.8696060274779,0.04264926283035536,4.517045169951103
3,100,30142,15923.555010596,1034.8313678028826,0.038934645493682106,5.011326005110692
4,1,40043,15510.394370145688,1447.9920082531935,0.04501969225506398,4.27053416182006
4,2,40044,15498.478880181665,1459.907498217217,0.04583819810112269,4.279275011313704
4,3,40045,15498.465141895711,1459.9212365031708,0.04585010361961501,4.2774199054364
4,4,40046,15488.945657020133,1469.440721378749,0.045701038652683636,4.294539759822931
4,5,40047,15503.557249937561,1454.8291284613206,0.04540482051355388,4.428138704619652
4,6,40048,15503.601846623818,1454.7845317750634,0.04545786402222609,4.4209745842466
4,7,40049,15510.411807256402,1447.9745711424803,0.0449997615612106,4.274554120872083
4,8,40050,15488.93116291596,1469.4552154829216,0.04564673073345033,4.29741468098378
4,9,40051,15498.463892320357,1459.9224860785253,0.04583824713514838,4.283155633503027
4,10,40052,15588.19019630518,1370.1961820937013,0.04303184752804092,4.456095924873897
4,11,40053,15488.925884358368,1469.4604940405134,0.04567928563960682,4.295380194451296
4,12,40054,15510.402162570099,1447.984215828783,0.045013461181832456,4.271960652800549
4,13,40055,15510.401682025866,1447.984696373016,0.045016683366456894,4.269672677606278
4,14,40056,15498.44540205712,1459.9409763417625,0.0458309059626959,4.275798600559396
4,15,40057,15498.477536832808,1459.9088415660735,0.04583705079806183,4.279334878933279
4,16,40058,15488.930586007671,1469.4557923912107,0.045671154237637505,4.296285848859805
4,17,40059,15488.925655215855,1469.4607231830269,0.04565778148660447,4.2953460338275935
4,18,40060,15498.477536832808,1459.9088415660735,0.04583705079806183,4.279334878933279
4,19,40061,15488.967800138209,1469.4185782606728,0.04565444434341306,4.2927909422931
4,20,40062,15488.940151292152,1469.4462271067296,0.045635373780331404,4.288350735529354
4,21,40063,15488.929787946996,1469.4565904518859,0.04564889097545749,4.296755842869729
4,22,40064,15510.411279611166,1447.975098787716,0.044992780195851775,4.285032479071087
4,23,40065,15498.478120845573,1459.9082575533084,0.04583705079806183,4.279283624479598
4,24,40066,15488.941631378802,1469.4447470200794,0.04568308493982357,4.296360652789927
4,25,40067,15488.92822051742,1469.4581578814614,0.04567031167181478,4.2956062650699955
4,26,40068,15488.92595673271,1469.460421666172,0.04567928563960682,4.295451102892014
4,27,40069,15498.477536832808,1459.9088415660735,0.04583705079806183,4.279334878933279
4,28,40070,15498.480298067745,1459.9060803311368,0.045836363655750126,4.279615602362908
4,29,40071,15503.605436452583,1454.7809419462992,0.04539380477248279,4.41557016080538
4,30,40072,15503.585779256071,1454.8005991428108,0.04542953060163494,4.421625011328753
4,31,40073,15488.924079139177,1469.462299259705,0.04567565831261111,4.2945396944650955
4,32,40074,15498.4676846228,1459.9186937760824,0.045850305400747596,4.278290865415617
4,33,40075,15488.92882762126,1469.4575507776226,0.045648431236230906,4.296609150312045
4,34,40076,15510.404616171694,1447.9817622271876,0.045032812139692284,4.2662039556810445
4,35,40077,15488.943306230085,1469.4430721687968,0.04567914852391584,4.29130977166692
4,36,40078,15503.639497951044,1454.7468804478376,0.045446224798598334,4.419280395987464
4,37,40079,15498.468501712845,1459.9178766860368,0.045821413660761416,4.273889691476219
4,38,40080,15498.478880181665,1459.907498217217,0.04583819810112269,4.279275011313704
4,39,40081,15600.58293718041,1357.8034412184716,0.04198780655799961,4.375723864938971
4,40,40082,15510.414692726325,1447.9716856725572,0.044985734582152,4.2809924296210164
4,41,40083,15488.942319529284,1469.444058869598,0.04570197864219918,4.297188128161604
4,42,40084,15498.449956724222,1459.9364216746599,0.045828068587321934,4.2757321276470925
4,43,40085,15588.182124719135,1370.2042536797471,0.0430245536696401,4.456487654514834
4,44,40086,15508.712326081863,1449.6740523170192,0.04659148615904383,4.162428140958807
4,45,40087,15588.198550372868,1370.1878280260134,0.04303136028981812,4.451700149254846
4,46,40088,15614.262391179986,1344.1239872188962,0.0369177378813646,4.5807373273293965
4,47,40089,15510.401944833457,1447.9844335654252,0.045022368908314125,4.265403932083822
4,48,40090,15510.396127604597,1447.9902507942843,0.04502120512240688,4.274323475377149
4,49,40091,15510.395949448553,1447.9904289503284,0.04502804677359745,4.269494378083617
4,50,40092,15503.589995730707,1454.7963826681753,0.04543408912087037,4.4232963746138445
4,51,40093,15510.416812185818,1447.9695662130634,0.04498986201154993,4.285748309287638
4,52,40094,15510.398886516203,1447.987491882679,0.04501922960394694,4.269677922936166
4,53,40095,15488.939445366437,1469.4469330324446,0.045669615713302594,4.298053437684052
4,54,40096,15503.600536579479,1454.7858418194028,0.045397386393143446,4.4219047411296835
4,55,40097,15488.935873874618,1469.450504524264,0.04566362499678372,4.294725600129976
4,56,40098,15510.402204292719,1447.9841741061628,0.045001720707193334,4.279779394412382
4,57,40099,15498.472968918693,1459.9134094801884,0.04584025178627329,4.278414758789885
4,58,40100,15498.466429919808,1459.9199484790734,0.04584570468295611,4.278821279505184
4,59,40101,15600.567272541375,1357.8191058575067,0.04197630789399768,4.372088294976669
4,60,40102,15503.596173493246,1454.7902049056356,0.04541588880139837,4.424415396381198
4,61,40103,15488.932096454018,1469.4542819448634,0.04564889097545749,4.296551701269098
4,62,40104,15498.478880181665,1459.907498217217,0.04583819810112269,4.279275011313704
4,63,40105,15503.600589287907,1454.7857891109743,0.04540886700252419,4.421509499878986
4,64,40106,15488.93116191991,1469.4552164789711,0.045681944499347864,4.292913641714458
4,65,40107,15488.92163474776,1469.4647436511223,0.04568004825383581,4.29043937279759
4,66,40108,15510.412522329001,1447.9738560698806,0.04498934505109332,4.277676191008237
4,67,40109,15614.25160565994,1344.134772738942,0.03698761480732743,4.591255511124577
4,68,40110,15510.421459585807,1447.9649188130752,0.045000320334413674,4.26868244411892
4,69,40111,15614.297047822485,1344.0893305763966,0.03689955685806765,4.583280722826832
4,70,40112,15510.404839124714,1447.9815392741675,0.045009720704558,4.270656651718016
4,71,40113,15510.402769471333,1447.9836089275486,0.04501457007493975,4.275768616807604
4,72,40114,15488.936228089315,1469.450150309567,0.04565139029242285,4.288123727953154
4,73,40115,15510.407496851618,1447.9788815472639,0.044998346886237044,4.272704704781951
4,74,40116,15498.478880181665,1459.907498217217,0.04583819810112269,4.279275011313704
4,75,40117,15488.929121764668,1469.457256634214,0.04567928563960682,4.295801474196505
4,76,40118,15488.94357797764,1469.4428004212423,0.045686218160757776,4.294955300467573
4,77,40119,15503.613408814319,1454.7729695845628,0.045399518215375766,4.416399152095699
4,78,40120,15510.411412976868,1447.974965422014,0.04497522034033645,4.279353698256419
4,79,40121,15488.942631494781,1469.4437469041004,0.04569218094216646,4.294641868311915
4,80,40122,15498.478880181665,1459.907498217217,0.04583819810112269,4.279275011313704
4,81,40123,15510.410673173868,1447.9757052250134,0.04499205426420146,4.284607445263003
4,82,40124,15498.478880181665,1459.907498217217,0.04583819810112269,4.279275011313704
4,83,40125,15588.16972229178,1370.2166561071026,0.043020129375550525,4.455963573919673
4,84,40126,15510.418775792123,1447.967602606759,0.04500874459140674,4.26843822009156
4,85,40127,15510.393916945855,1447.9924614530264,0.045022667851540535,4.270160779859845
4,86,40128,15498.472968918693,1459.9134094801884,0.04584025178627329,4.278414758789884
4,87,40129,15498.478880181665,1459.907498217217,0.04583819810112269,4.279275011313704
4,88,40130,15498.479919866943,1459.9064585319393,0.045848439652215335,4.27978804474459
4,89,40131,15600.565418168324,1357.8209602305578,0.04196963103267402,4.368724316131941
4,90,40132,15510.408965568864,1447.9774128300178,0.04499693845457009,4.275878743466059
4,91,40133,15503.60298503234,1454.7833933665424,0.04545881700421072,4.420509506428328
4,92,40134,15503.573749486803,1454.8126289120792,0.04541221168801825,4.425097992769754
4,93,40135,15488.920227241468,1469.466151157414,0.04568796508186798,4.291909927970107
4,94,40136,15488.942831295426,1469.4435471034558,0.04569145632705262,4.2940874942274885
4,95,40137,15510.403430628226,1447.9829477706553,0.045023791638957714,4.267207931802852
4,96,40138,15510.39743383475,1447.988944564131,0.04502487766297585,4.266546979148714
4,97,40139,15503.618552731958,1454.7678256669242,0.04539572180061633,4.415193375530766
4,98,40140,15503.600297039306,1454.7860813595762,0.04539984221254035,4.422100801563554
4,99,40141,15510.406063581293,1447.9803148175888,0.044996728592900784,4.283364232619143
4,100,40142,15488.93209645402,1469.4542819448616,0.04564889097545749,4.296551701269098
5,1,50043,15165.165835501679,1793.220542897203,0.051057814011882204,3.9369979065036858
5,2,50044,15269.742432660627,1688.6439457382548,0.0421677212191921,4.428624307930636
5,3,50045,15271.141437212544,1687.244941186338,0.04359788514330755,4.171531063111553
5,4,50046,15165.179973464199,1793.2064049346827,0.051066074049873865,3.9337058843857307
5,5,50047,15276.263515943245,1682.122862455637,0.04200462031374368,4.445463401385981
5,6,50048,15279.243882637627,1679.1424957612544,0.04141360277184444,4.350637013635497
5,7,50049,15165.171611696649,1793.2147667022327,0.05106083802884155,3.9380159385263127
5,8,50050,15165.180435345133,1793.2059430537483,0.0510615937901722,3.9327510378021886
5,9,50051,15165.166583517213,1793.2197948816683,0.051057814011882204,3.9371114373137814
5,10,50052,15165.201257468812,1793.1851209300694,0.05104477874381975,3.9316702351945048
5,11,50053,15165.16584962879,1793.2205287700926,0.051057814011882204,3.93704424457434
5,12,50054,15165.215466171256,1793.170912227626,0.051040452697796564,3.932464347145303
5,13,50055,15165.166117193538,1793.2202612053443,0.05105782946192936,3.9369576668868715
5,14,50056,15165.165938637881,1793.2204397610003,0.05105782946192936,3.9369558280681654
5,15,50057,15165.166088465858,1793.220289933024,0.051057814011882204,3.9370150451717785
5,16,50058,15165.173427468699,1793.212950930183,0.05105153127925767,3.9352377229689437
5,17,50059,15165.204839902432,1793.1815384964502,0.05104185919165197,3.9365068130082164
5,18,50060,15165.176335880515,1793.2100425183671,0.05108861125872602,3.931909621561462
5,19,50061,15165.170807746481,1793.2155706524009,0.051059673730039085,3.9374290658367004
5,20,50062,15269.682690595262,1688.7036878036197,0.04218006406125623,4.433795271082573
5,21,50063,15260.892966162828,1697.4934122360537,0.04258198127220922,4.345864874849218
5,22,50064,15165.174537334517,1793.2118410643652,0.05106083802884155,3.93830516758059
5,23,50065,15165.168938762708,1793.2174396361734,0.05106083802884155,3.937087372377443
5,24,50066,15165.170918627222,1793.2154597716599,0.0510548745569337,3.937334235745112
5,25,50067,15165.20243642154,1793.1839419773423,0.05104746935281877,3.9351026633237636
5,26,50068,15165.193317647174,1793.193060751708,0.05104498430100041,3.933604619168321
5,27,50069,15165.168885474253,1793.2174929246285,0.05106121585061609,3.9373763353063667
5,28,50070,15165.165835501679,1793.220542897203,0.051057814011882204,3.9369979065036858
5,29,50071,15165.165827899378,1793.2205504995036,0.051057814011882204,3.93703762241208
5,30,50072,15165.170868795369,1793.215509603513,0.05106083802884155,3.937338190052639
5,31,50073,15165.213466746995,1793.1729116518873,0.05105162217326824,3.9327386783982874
5,32,50074,15165.167985252141,1793.2183931467407,0.051073697846389064,3.9339266452637616
5,33,50075,15165.178776567971,1793.2076018309108,0.051062710574391705,3.9347250828712177
5,34,50076,15165.17266461354,1793.2137137853424,0.05105985184912582,3.9319510844683747
5,35,50077,15165.175273218349,1793.2111051805332,0.051063372663656036,3.932859177081352
5,36,50078,15165.171838892398,1793.2145395064836,0.05106083802884155,3.937366097606703
5,37,50079,15165.173486310916,1793.2128920879659,0.05105153127925767,3.935301027006909
5,38,50080,15165.168724875215,1793.2176535236667,0.05105990321328263,3.936143627443999
5,39,50081,15295.213597345883,1663.1727810529992,0.042046229439639565,4.453501802017727
5,40,50082,15258.732347438821,1699.6540309600605,0.042525821400023235,4.348239261973806
5,41,50083,15292.707872811945,1665.6785055869368,0.04242397369219797,4.141938155344558
5,42,50084,15282.997452544947,1675.3889258539348,0.04178487098155809,4.504835053068723
5,43,50085,15165.178301866465,1793.2080765324172,0.05105948688303044,3.9386529033530038
5,44,50086,15260.72245139174,1697.663927007141,0.04257100182444491,4.35471670598784
5,45,50087,15165.189342606845,1793.1970357920363,0.05108098678998964,3.9362425310358966
5,46,50088,15165.174429390785,1793.2119490080968,0.05106083802884155,3.9382202310198147
5,47,50089,15271.135600786878,1687.2507776120037,0.04358367639356615,4.172340102254973
5,48,50090,15258.73909475331,1699.6472836455723,0.042499841550004996,4.348153938832922
5,49,50091,15258.72849989832,1699.6578785005622,0.042541231593557376,4.3468333770209755
5,50,50092,15335.966609746109,1622.4197686527732,0.03972035062167815,4.395727825911747
5,51,50093,15165.185976023628,1793.2004023752543,0.05107751081923108,3.935968744759741
5,52,50094,15269.715372305278,1688.6710060936039,0.04216547734190317,4.430851951057356
5,53,50095,15165.17287332438,1793.2135050745019,0.051049689453400854,3.936994260750599
5,54,50096,15285.6746424804,1672.7117359184813,0.0425907834979008,4.283116277308634
5,55,50097,15269.751370565182,1688.6350078337,0.04216393813671891,4.4279785954832525
5,56,50098,15165.216099308826,1793.1702790900563,0.051029873057341274,3.9330233458678165
5,57,50099,15165.17758331379,1793.208795085091,0.051049834062879856,3.935305889358787
5,58,50100,15165.180008159492,1793.2063702393898,0.05106083802884155,3.937808560349378
5,59,50101,15165.16886711643,1793.2175112824516,0.0510484415128268,3.9367769696866475
5,60,50102,15165.166088465858,1793.220289933024,0.051057814011882204,3.937015045171779
5,61,50103,15165.179179574272,1793.2071988246098,0.051068351960712806,3.937973123953298
5,62,50104,15165.178164083085,1793.2082143157968,0.05107677325504103,3.937958280686547
5,63,50105,15165.175188087987,1793.2111903108944,0.05106083802884155,3.93858819440302
5,64,50106,15289.99901892626,1668.387359472621,0.041898387083202905,4.421839022510563
5,65,50107,15165.168544691036,1793.2178337078458,0.05106364887782532,3.9344604075971725
5,66,50108,15165.196577334687,1793.1898010641944,0.05104346735088789,3.935502161140782
5,67,50109,15165.171916058487,1793.2144623403947,0.051059673730039085,3.9379292409416435
5,68,50110,15165.165835501679,1793.220542897203,0.051057814011882204,3.9369979065036858
5,69,50111,15165.171952520948,1793.2144258779335,0.05106083802884155,3.938151947948632
5,70,50112,15165.179441658896,1793.2069367399854,0.05105785185908585,3.937010498333671
5,71,50113,15165.1783386991,1793.2080396997826,0.05106016378682933,3.93250662350079
5,72,50114,15279.528592422304,1678.8577859765774,0.04295024452999409,4.1756242777008215
5,73,50115,15165.171027866996,1793.2153505318856,0.05105132442846841,3.9379118730216405
5,74,50116,15258.715725247486,1699.6706531513955,0.04251057867043947,4.344550108009198
5,75,50117,15165.184151236097,1793.2022271627848,0.05107212191469228,3.936235555139887
5,76,50118,15165.165835501679,1793.220542897203,0.051057814011882204,3.9369979065036858
5,77,50119,15325.54126728902,1632.845111109862,0.04438221450739279,4.148527246385217
5,78,50120,15279.2432981922,1679.1430802066825,0.04141160874366415,4.349759828693275
5,79,50121,15363.471131084792,1594.9152473140894,0.03910275269809781,4.402851200689331
5,80,50122,15165.165827899378,1793.2205504995036,0.051057814011882204,3.93703762241208
5,81,50123,15270.274759365522,1688.1116190333596,0.04248033949125869,4.408518661436164
5,82,50124,15165.168093637756,1793.2182847611257,0.051059893739510885,3.9371778161865136
5,83,50125,15165.174107658631,1793.2122707402505,0.05105964862483815,3.9384475331277096
5,84,50126,15165.178295153903,1793.2080832449792,0.051059024097648384,3.9388591962140445
5,85,50127,15165.169231818434,1793.2171465804477,0.05106584908798369,3.9369375307990673
5,86,50128,15283.05734514911,1675.3290332497727,0.04186842078128505,4.502651220321939
5,87,50129,15279.271792873185,1679.1145855256964,0.041401223467507305,4.341019398533815
5,88,50130,15165.17463663564,1793.2117417632417,0.051061310613669614,3.93690932850366
5,89,50131,15165.207483748527,1793.1788946503548,0.051054216139921504,3.9321110800711074
5,90,50132,15165.170898959703,1793.215479439179,0.05106584908798369,3.936988262105083
5,91,50133,15165.1727872107,1793.2135911881815,0.051059673730039085,3.938047693595079
5,92,50134,15165.169253516935,1793.2171248819468,0.05105951055304796,3.937394679537629
5,93,50135,15165.173472430371,1793.2129059685103,0.05106083802884155,3.9383042421272307
5,94,50136,15258.746878336224,1699.639500062658,0.042493758263010446,4.344234219343447
5,95,50137,15165.165835501679,1793.220542897203,0.051057814011882204,3.9369979065036858
5,96,50138,15270.790580092014,1687.5957983068674,0.042476396452751815,4.399930322938452
5,97,50139,15165.178917448677,1793.2074609502051,0.05106704398950868,3.937000396778541
5,98,50140,15290.118458857738,1668.2679195411438,0.041819142073598325,4.420853831769707
5,99,50141,15165.173599012698,1793.2127793861837,0.051060838238169697,3.938198721550331
5,100,50142,15165.172816195372,1793.2135622035094,0.05106130098201052,3.9380764814400573
6,1,60043,14949.829528815706,2008.5568495831758,0.0488582673351428,4.120702413215764
6,2,60044,14948.361752576828,2010.024625822054,0.04993104676315561,3.8781545870415743
6,3,60045,14949.889015913068,2008.497362485814,0.04882329567144383,4.123358978471109
6,4,60046,14985.6361329932,1972.7502454056812,0.049208539812979214,3.965844168965417
6,5,60047,15063.365705687509,1895.0206727113728,0.04463916913633836,4.248332011772962
6,6,60048,14936.409293058477,2021.9770853404043,0.04906597640340738,4.075083844705263
6,7,60049,14949.89371392484,2008.4926644740426,0.04881218758804631,4.123727646361923
6,8,60050,14949.83235804821,2008.5540203506716,0.048818045087682185,4.124630076226279
6,9,60051,14949.845925970945,2008.5404524279365,0.048880326694993044,4.122039666716566
6,10,60052,14988.260397810662,1970.12598058822,0.04942940977512466,3.9539359564807715
6,11,60053,14966.112215323217,1992.2741630756645,0.050229151364537136,3.8615509342268353
6,12,60054,14959.325416900116,1999.0609614987661,0.05029413438333507,3.8326054842885307
6,13,60055,15003.555737278806,1954.8306411200756,0.046685301783533285,4.093982619884594
6,14,60056,14949.818097847248,2008.5682805516335,0.04883898070396896,4.124273398425535
6,15,60057,14936.366781190753,2022.0195972081292,0.049023474252285405,4.069005018064272
6,16,60058,14958.593789271341,1999.7925891275409,0.05045061525745745,3.7863057962927247
6,17,60059,14958.605499452719,1999.7808789461633,0.05044014017865902,3.7861615428288804
6,18,60060,14936.363444471486,2022.0229339273956,0.049017267079222916,4.06737933414814
6,19,60061,14936.367603581506,2022.0187748173757,0.0490335775167752,4.069071959649485
6,20,60062,14949.811812780545,2008.5745656183371,0.04885451989974175,4.12397593105354
6,21,60063,14949.877816531181,2008.5085618677003,0.048847426751506134,4.124400214700036
6,22,60064,14981.070530954412,1977.31584744447,0.05109733028546154,3.904118678339779
6,23,60065,14948.342309979083,2010.0440684197984,0.049924197650914263,3.878270217215988
6,24,60066,14949.824211428922,2008.5621669699594,0.04881917450085258,4.125237871500311
6,25,60067,14936.440732063966,2021.945646334916,0.04907828103816895,4.073449621531393
6,26,60068,14949.850616516247,2008.5357618826347,0.04886919949197469,4.1228280266605655
6,27,60069,14936.412589618169,2021.9737887807132,0.049063203151591815,4.076682619526783
6,28,60070,15109.481937249184,1848.904441149698,0.04337221069507002,4.0550128045572045
6,29,60071,14966.114842946005,1992.2715354528773,0.0502273856784596,3.861269085962885
6,30,60072,14949.829788868232,2008.55658953065,0.048854282859706895,4.121030356533704
6,31,60073,14966.114977390489,1992.2714010083928,0.0502273856784596,3.8612655609778135
6,32,60074,14936.368733276573,2022.0176451223087,0.049035557385252754,4.068273409863378
6,33,60075,14948.359665878454,2010.0267125204282,0.049913360470894244,3.881001939616432
6,34,60076,14949.821709002528,2008.5646693963536,0.04882917457856759,4.124839599818134
6,35,60077,14936.393125649725,2021.9932527491565,0.04907730849752229,4.073909598800635
6,36,60078,14983.832504292252,1974.5538741066302,0.05109821215741769,3.896241898117305
6,37,60079,14936.38575493927,2022.0006234596112,0.049037556344706454,4.067992930946063
6,38,60080,14936.391400532535,2021.9949778663467,0.0490298916828334,4.071509993487802
6,39,60081,14936.410153871713,2021.9762245271686,0.049053765589380516,4.0762809934083535
6,40,60082,14949.831871224816,2008.5545071740653,0.04883627409984196,4.123092391890879
6,41,60083,14948.34153116469,2010.0448472341923,0.04992577621410911,3.876719722929851
6,42,60084,15072.852347666543,1885.5340307323386,0.052757487360522576,3.5112973981642637
6,43,60085,14949.884924038117,2008.501454360765,0.04880691425410745,4.125860704063895
6,44,60086,14949.834899952668,2008.5514784462139,0.048814584262833895,4.125108392867755
6,45,60087,14936.397732562735,2021.988645836147,0.049049523948922855,4.072876425296222
6,46,60088,14948.34098742754,2010.0453909713415,0.04988578894182938,3.878240526562608
6,47,60089,14949.82125392991,2008.5651244689725,0.04885260597080742,4.120321930193362
6,48,60090,14949.821642611912,2008.5647357869693,0.04883035421057604,4.125190733529862
6,49,60091,14936.401728986271,2021.9846494126105,0.0490396071740943,4.070310186132782
6,50,60092,14949.891605678105,2008.4947727207764,0.04881514626679523,4.123523407817446
6,51,60093,14966.114606346135,1992.271772052747,0.0502273856784596,3.8612359123649576
6,52,60094,14936.403838415872,2021.9825399830097,0.049070785334933184,4.074774552586093
6,53,60095,14949.883771558783,2008.5026068400985,0.048806065855877774,4.123573207232314
6,54,60096,14936.407748348585,2021.9786300502965,0.049069957419678546,4.076574368118685
6,55,60097,14936.411309402341,2021.9750689965404,0.04904359741946253,4.072597532576241
6,56,60098,14949.815830578038,2008.5705478208438,0.048871434522348836,4.120655844240297
6,57,60099,14936.442037555806,2021.9443408430761,0.04904736336705021,4.077939327149264
6,58,60100,14936.39761137925,2021.9887670196313,0.04906747490148724,4.0740080909127
6,59,60101,14949.815933029031,2008.5704453698509,0.04882971915912947,4.124630765241453
6,60,60102,15051.73529035757,1906.6510880413116,0.045314684198300585,4.09553475648261
6,61,60103,14966.11019960475,1992.2761787941326,0.05022135385048001,3.8616675445396553
6,62,60104,14958.595532173891,1999.7908462249907,0.05047096451744182,3.7869100889051155
6,63,60105,14936.405736704392,2021.9806416944903,0.0490806818867792,4.07352208428821
6,64,60106,14936.375476402452,2022.0109019964293,0.04903297166446756,4.069100493675713
6,65,60107,14936.368163037578,2022.018215361304,0.04903791347822018,4.071164319209566
6,66,60108,14948.346164032679,2010.0402143662031,0.04992549732431066,3.879007448401504
6,67,60109,14936.397340166815,2021.9890382320664,0.049068803847547075,4.074399124144896
6,68,60110,14936.410249467532,2021.97612893135,0.049079846093486756,4.075833042081199
6,69,60111,14958.748033443997,1999.6383449548848,0.05047895622974542,3.7820798456223703
6,70,60112,14936.434649588911,2021.9517288099705,0.049081982067973186,4.074747486952833
6,71,60113,14948.338153680115,2010.0482247187665,0.049896290411185984,3.8769173734150613
6,72,60114,14949.88954643182,2008.4968319670625,0.048786872811108536,4.123334544137435
6,73,60115,14949.918694040929,2008.4676843579527,0.04882838654348973,4.120980693621237
6,74,60116,14936.37142626899,2022.0149521298918,0.049029217538018886,4.071756637940019
6,75,60117,14981.015913541156,1977.370464857726,0.051031462549981345,3.8956870772191845
6,76,60118,14936.425140834137,2021.9612375647448,0.049066172199658996,4.074202454646733
6,77,60119,14936.374694469068,2022.0116839298134,0.04900409968867153,4.069044514304515
6,78,60120,15051.733357825502,1906.6530205733798,0.04531846196388129,4.093013189526105
6,79,60121,14936.402808796704,2021.9835696021782,0.04906401031080364,4.0732363256476765
6,80,60122,14949.883272670057,2008.5031057288252,0.048798861121755646,4.123490442371286
6,81,60123,14936.371505125531,2022.0148732733505,0.049011156684504995,4.071316676854354
6,82,60124,14985.542127676139,1972.8442507227428,0.04918517807467287,4.016496106944637
6,83,60125,14936.374055205604,2022.0123231932776,0.049033646020368575,4.069858346049245
6,84,60126,14936.383414634718,2022.0029637641637,0.04905745453388225,4.07349065842089
6,85,60127,15051.732995751183,1906.653382647699,0.04532242727452051,4.0942018021811695
6,86,60128,14949.815965468559,2008.570412930323,0.048853132096756596,4.120708719354098
6,87,60129,14936.39024481386,2021.996133585022,0.04903400578408572,4.068571666985517
6,88,60130,14936.372141872449,2022.0142365264328,0.04901623321599605,4.071412833849086
6,89,60131,14949.885654862015,2008.5007235368666,0.04879092184578099,4.123543214540337
6,90,60132,14985.660098700098,1972.7262796987834,0.049196548091522324,3.9667369295215367
6,91,60133,14936.389888481717,2021.9964899171646,0.04903911384256695,4.073265557639744
6,92,60134,14949.834768340668,2008.5516100582136,0.048851560252771584,4.121403809693038
6,93,60135,14936.392914037577,2021.993464361305,0.04907055524979171,4.073934246942921
6,94,60136,14985.59121176289,1972.7951666359913,0.049223347357597536,4.030003328819864
6,95,60137,14948.349991650231,2010.0363867486503,0.04992055892863823,3.8770153365457776
6,96,60138,14936.41425589159,2021.9721225072917,0.04906548440444093,4.073831608714314
6,97,60139,14949.815046328822,2008.5713320700597,0.04887148904224125,4.12127304215626
6,98,60140,14949.824010276798,2008.562368122084,0.048850725713194196,4.1205009500483145
6,99,60141,14936.429121361116,2021.9572570377659,0.04905566713944385,4.077964828077612
6,100,60142,14936.367369027725,2022.0190093711572,0.049014382224334324,4.068033373303474
7,1,70043,14731.789926975542,2226.59645142334,0.05203464321051085,3.893234400280772
7,2,70044,14781.055045717449,2177.331332681433,0.04784755692771413,4.036199168264234
7,3,70045,14781.051358502196,2177.3350198966855,0.04778014483595027,4.034771914764119
7,4,70046,14752.235904358738,2206.1504740401433,0.049015101456692016,4.033051201592784
7,5,70047,14752.277547535783,2206.108830863099,0.049028113366975073,4.032291537424124
7,6,70048,14730.751653467283,2227.6347249315986,0.04914457522259074,3.9472328190341814
7,7,70049,14731.789375622184,2226.597002776698,0.05207508713647512,3.8918781958322746
7,8,70050,14731.801496903314,2226.584881495568,0.052046844518510306,3.893915510808356
7,9,70051,14781.929707980165,2176.4566704187164,0.048419440678685574,4.098274389962791
7,10,70052,14730.355196144292,2228.03118225459,0.04929792875045554,3.9220254018282827
7,11,70053,14731.770214822463,2226.6161635764183,0.05204407405545328,3.8917780337248518
7,12,70054,14770.021265453066,2188.365112945816,0.0501641968491919,3.932552137534518
7,13,70055,14731.853171985245,2226.5332064136364,0.05203872796472541,3.8932998734757556
7,14,70056,14781.534778438177,2176.8515999607043,0.04921890384568241,4.037476069266112
7,15,70057,14731.779115987903,2226.6072624109784,0.0520476074898379,3.8901308644953057
7,16,70058,14771.949951042203,2186.436427356679,0.04816668588206215,4.102257459977078
7,17,70059,14730.343089672913,2228.0432887259685,0.04928599911799912,3.9211432619930338
7,18,70060,14731.81346851846,2226.5729098804222,0.052066149930550865,3.8911700485254435
7,19,70061,14781.042155763189,2177.344222635693,0.047806655841356974,4.036785687068826
7,20,70062,14781.824269515113,2176.562108883769,0.04809716734047722,4.14230821616191
7,21,70063,14730.386337099186,2228.000041299696,0.04931598676069999,3.9175589909790394
7,22,70064,14744.684612645968,2213.701765752914,0.04910160411314597,3.973187710711913
7,23,70065,14731.777404348555,2226.6089740503267,0.05203851588421428,3.8921046275298514
7,24,70066,14738.591344922545,2219.7950334763373,0.04894702745576119,3.996154434997737
7,25,70067,14771.131733592287,2187.254644806595,0.04939426385409334,4.062216482675621
7,26,70068,14752.236617629269,2206.149760769613,0.0489620699117921,4.034920095314907
7,27,70069,14742.299922177066,2216.0864562218158,0.05001314849478125,3.7441612793773364
7,28,70070,14730.728229424387,2227.658148974495,0.04920953836576442,3.9443015030736785
7,29,70071,14752.274530870805,2206.1118475280764,0.048977663569909576,4.0348746773140185
7,30,70072,14738.553140223787,2219.833238175095,0.04895059067278383,3.9954714293079525
7,31,70073,14730.360846503643,2228.0255318952386,0.04933152838318432,3.9219389093873613
7,32,70074,14767.030989864947,2191.355388533935,0.04982732916956026,3.98925461157272
7,33,70075,14731.84156200494,2226.544816393942,0.05202777686399677,3.8924107812942554
7,34,70076,14772.360354571476,2186.026023827406,0.048110551436039345,4.13058289581978
7,35,70077,14730.738846514058,2227.6475318848243,0.049227597987169705,3.947890459451497
7,36,70078,14731.808198913728,2226.5781794851537,0.05204859582034624,3.8942546245221012
7,37,70079,14752.274905792778,2206.111472606104,0.04892034874890453,4.034881933848865
7,38,70080,14792.575143234699,2165.811235164183,0.04856544491075136,3.920118398059761
7,39,70081,14731.772634510025,2226.6137438888563,0.05203735559383142,3.892251193892766
7,40,70082,14731.776073644629,2226.610304754253,0.052058052973083246,3.892264097372757
7,41,70083,14824.32067968756,2134.0656987113216,0.046637564255155486,4.057914227339345
7,42,70084,14765.427542854486,2192.9588355443957,0.049807189800895595,4.010404906294615
7,43,70085,14738.594846939926,2219.7915314589554,0.04894658530585802,3.9957808200977807
7,44,70086,14738.611868101932,2219.7745102969493,0.04891146742265617,3.996363751420142
7,45,70087,14731.792199821633,2226.5941785772484,0.05205683851717328,3.895052261175651
7,46,70088,14730.75729297363,2227.629085425251,0.04917599634640877,3.9478808832157952
7,47,70089,14744.930245192994,2213.4561332058875,0.04907368012892809,4.003210883583515
7,48,70090,14731.79017060906,2226.596207789822,0.05204659384738935,3.8913741412755654
7,49,70091,14781.566949436125,2176.8194289627572,0.049161998981298506,4.039244239484272
7,50,70092,14790.910439302646,2167.4759390962354,0.05061335368929611,3.7839087713808977
7,51,70093,14789.975958400995,2168.4104199978865,0.04786997393357867,4.169862677206174
7,52,70094,14744.95946802586,2213.426910373022,0.049060136244735625,4.005205640478302
7,53,70095,14742.143063753058,2216.2433146458243,0.04994727736333876,3.745219735018334
7,54,70096,14731.771435585551,2226.6149428133303,0.05204145613453791,3.89341340960438
7,55,70097,14744.667713922492,2213.7186644763897,0.049135926807101486,3.973617876596817
7,56,70098,14781.537617193528,2176.848761205354,0.049210721252738066,4.040206051488085
7,57,70099,14785.428292593253,2172.958085805629,0.05139721468762275,3.8291366386583383
7,58,70100,14738.587265013804,2219.7991133850774,0.048943669227568244,3.995700193490141
7,59,70101,14731.790739334258,2226.5956390646243,0.052060297967792664,3.892805453323317
7,60,70102,14793.88438222293,2164.5019961759517,0.04688607840546508,4.053635665805652
7,61,70103,14730.427138130952,2227.95924026793,0.04927742034790726,3.9165890609772305
7,62,70104,14730.408849510575,2227.9775288883066,0.049326181252966304,3.9127788926836673
7,63,70105,14730.397470100925,2227.988908297957,0.049363644147930985,3.9196698093407525
7,64,70106,14731.776776444207,2226.609601954675,0.052078179852967754,3.892492171966252
7,65,70107,14731.787287378591,2226.599091020291,0.05208273129263243,3.891109687259489
7,66,70108,14731.782290417497,2226.6040879813845,0.05208606256600326,3.8912511739533193
7,67,70109,14781.023498338434,2177.3628800604474,0.04780334210135718,4.03534057866102
7,68,70110,14730.459470984479,2227.926907414403,0.049331774883866704,3.9182045224842463
7,69,70111,14765.42487709853,2192.9615013003513,0.04967604105792992,4.00370695680895
7,70,70112,14731.785615817285,2226.6007625815964,0.05200682482995627,3.896056095417338
7,71,70113,14767.044168835142,2191.3422095637397,0.04973304402572886,3.997442839481838
7,72,70114,14798.13057407664,2160.2558043222416,0.047252329317749954,3.9240890624239606
7,73,70115,14731.80052046791,2226.5858579309715,0.05206926835742696,3.891249547973024
7,74,70116,14779.934870136465,2178.4515082624166,0.0503674916992955,3.7118603577555995
7,75,70117,14730.424385026507,2227.961993372375,0.049350949067031136,3.915359725808057
7,76,70118,14776.38431754863,2182.002060850251,0.049329747550091486,3.8451494056509126
7,77,70119,14752.273861545671,2206.1125168532108,0.048940996220416665,4.034833913395368
7,78,70120,14826.897015560568,2131.4893628383143,0.04601358055960039,4.057169843979288
7,79,70121,14730.637169281868,2227.7492091170134,0.049392012061541084,3.9233934995578488
7,80,70122,14749.433840880556,2208.9525375183257,0.04969363413100567,3.8083267677124866
7,81,70123,14768.042732234597,2190.343646164285,0.05110071526322698,3.8963201032872816
7,82,70124,14731.770712233527,2226.615666165355,0.052041675448212595,3.893302827133937
7,83,70125,14731.781346608574,2226.605031790308,0.052039727514267387,3.8916881644377432
7,84,70126,14744.696408454003,2213.6899699448786,0.049060069600970056,3.9694066018050393
7,85,70127,14744.951176811606,2213.4352015872755,0.049152849494646184,4.002372770243637
7,86,70128,14731.899466807727,2226.486911591155,0.05202581208297549,3.8942210477700843
7,87,70129,14731.77839188436,2226.607986514522,0.05206296450000414,3.8905814584854106
7,88,70130,14765.1728925974,2193.2134858014815,0.049014005232331834,4.011211435758423
7,89,70131,14820.228369929755,2138.158008469127,0.04798897797601121,3.9602988954937435
7,90,70132,14738.586252460267,2219.8001259386147,0.04894495742830652,3.9962701698012304
7,91,70133,14781.01468489632,2177.3716935025623,0.047846831025174744,4.035643505505217
7,92,70134,14781.070988574473,2177.315389824409,0.047862743014210535,4.0366676578471266
7,93,70135,14731.78963212741,2226.5967462714725,0.0520759397468099,3.894771984320361
7,94,70136,14738.541756769526,2219.844621629356,0.04889742446405085,3.9948045620405677
7,95,70137,14742.159458266022,2216.22692013286,0.05001690113062445,3.7503774963925887
7,96,70138,14731.777736462502,2226.60864193638,0.052047852152261,3.890675415082576
7,97,70139,14742.722560163384,2215.663818235498,0.04984451569247935,3.792604183194134
7,98,70140,14782.889683852078,2175.496694546804,0.04933982196162894,4.020987436982001
7,99,70141,14752.235009233376,2206.1513691655055,0.04900224688578778,4.034350659076444
7,100,70142,14738.549518883867,2219.836859515015,0.048941096934287255,3.995433218432774
8,1,80043,14585.822189211325,2372.5641891875566,0.05026959347064546,3.967093664634531
8,2,80044,14526.680561205078,2431.7058171938043,0.05269738678179901,3.787612394005788
8,3,80045,14633.51660361355,2324.869774785331,0.04630275878507097,4.075324036772156
8,4,80046,14562.326938085305,2396.0594403135765,0.050574109306864866,3.9102598082598297
8,5,80047,14590.701659353754,2367.684719045128,0.04941985365879493,3.89549454375184
8,6,80048,14526.745522098518,2431.6408563003642,0.05267412946955743,3.785424838837109
8,7,80049,14572.816999350349,2385.569379048533,0.0509859096182073,3.9455294775124234
8,8,80050,14603.438939795707,2354.9474386031743,0.052327442195497835,3.7902552778009477
8,9,80051,14575.4424120087,2382.9439663901812,0.048792381978525694,3.9152409064596796
8,10,80052,14565.74729344285,2392.639084956032,0.05284119735128202,3.845215195957684
8,11,80053,14534.64669284512,2423.7396855537627,0.05233347114956223,3.837867129175498
8,12,80054,14527.02929259933,2431.357085799551,0.052594959278641225,3.8084876036918143
8,13,80055,14565.997794564973,2392.3885838339083,0.05281478882792757,3.8408209016154036
8,14,80056,14579.724613715984,2378.661764682898,0.05029064753892454,3.88989143850951
8,15,80057,14534.648187902687,2423.738190496195,0.052353109048504175,3.839986430064685
8,16,80058,14566.878272398457,2391.508106000425,0.05297634970461972,3.823953947014835
8,17,80059,14669.327519639935,2289.0588587589464,0.050010334243815395,3.4449199664282837
8,18,80060,14526.706832507418,2431.679545891464,0.05272267838248703,3.7884522609525773
8,19,80061,14534.622226465463,2423.7641519334193,0.05231890187742149,3.839341542318868
8,20,80062,14601.7978940192,2356.588484379681,0.04976701731477191,3.761826420837714
8,21,80063,14565.480207636392,2392.9061707624896,0.05010738419763388,3.8422858682590144
8,22,80064,14569.504494693825,2388.8818837050567,0.0507882047437886,3.912031169684913
8,23,80065,14527.069407045095,2431.3169713537864,0.052575154223630634,3.8058577140945515
8,24,80066,14561.991524710413,2396.394853688469,0.050533423373298934,3.8487147003962443
8,25,80067,14582.44045098178,2375.945927417102,0.04956281817217298,3.8709936173327577
8,26,80068,14563.775351906223,2394.611026492659,0.050396905421591046,3.676393871002949
8,27,80069,14534.641994469457,2423.7443839294247,0.052351235767990646,3.84041863069687
8,28,80070,14561.182869679782,2397.2035087191,0.05061020769171987,3.8636984711485733
8,29,80071,14595.686655299267,2362.699723099615,0.047495426006594954,3.9715040705348423
8,30,80072,14565.416482713592,2392.96989568529,0.04989325177574233,3.8313562610792657
8,31,80073,14571.666092367985,2386.720286030897,0.048994090856618856,3.9259400549817376
8,32,80074,14609.588586468835,2348.7977919300465,0.051010345704568964,3.9536330620508884
8,33,80075,14561.060838288115,2397.325540110767,0.050632313824953305,3.867954441767438
8,34,80076,14534.631236552537,2423.7551418463445,0.0523154707791523,3.840250023395276
8,35,80077,14565.696859184709,2392.689519214173,0.052809018907260245,3.8479490710254094
8,36,80078,14526.872101629537,2431.514276769345,0.05265548992240201,3.7802300458135263
8,37,80079,14534.678671494392,2423.70770690449,0.05226222464111354,3.8388941282222913
8,38,80080,14572.556915015499,2385.829463383383,0.05047627897738936,3.7538173439255886
8,39,80081,14556.576670226303,2401.809708172579,0.04957486145001267,3.838650971871868
8,40,80082,14526.7917094476,2431.594668951282,0.052742128795077545,3.7864697753568572
8,41,80083,14569.650679865885,2388.735698532997,0.05055715418902637,3.937885735737829
8,42,80084,14534.641806711154,2423.7445716877282,0.05233036812832342,3.8404974545945185
8,43,80085,14618.134831214036,2340.2515471848455,0.04724672031204376,4.0618066794735
8,44,80086,14569.5104163685,2388.8759620303827,0.050781550831963944,3.907877226521393
8,45,80087,14569.484051268348,2388.902327130534,0.05066989247849832,3.9021796534153914
8,46,80088,14565.686069608373,2392.7003087905086,0.05283242180127017,3.843444494832336
8,47,80089,14585.82729469087,2372.5590837080126,0.05024310402547726,3.9672986303526745
8,48,80090,14623.791206360587,2334.5951720382945,0.0504620861597067,3.6264272911712765
8,49,80091,14570.524506120086,2387.861872278796,0.05220865143415631,3.720041675554425
8,50,80092,14526.752580446357,2431.633797952525,0.05268989832395298,3.794696424389098
8,51,80093,14565.453851605607,2392.9325267932745,0.049923219915333696,3.840072120258622
8,52,80094,14527.064386561819,2431.3219918370633,0.05263179596180529,3.808793700887503
8,53,80095,14590.915519282491,2367.470859116391,0.048520666968722106,3.9842711135693203
8,54,80096,14579.523465221107,2378.8629131777743,0.050651051969222795,3.853118636918783
8,55,80097,14526.744368302037,2431.6420100968444,0.052702266095192456,3.7851889553195335
8,56,80098,14636.553112544354,2321.833265854528,0.049764330803876794,4.0047134697953
8,57,80099,14571.962593928962,2386.42378446992,0.04924366920970788,3.874526884893206
8,58,80100,14593.053516284699,2365.3328621141827,0.048917285263193624,3.8330964446285742
8,59,80101,14526.8862718684,2431.5001065304823,0.05268505200765919,3.784776888361938
8,60,80102,14572.832126668862,2385.55425173002,0.051017864444182597,3.9460088740375783
8,61,80103,14572.734929225315,2385.651449173567,0.051099694427669595,3.9522548717631185
8,62,80104,14566.821762521307,2391.5646158775744,0.052911737837761805,3.82774726653588
8,63,80105,14603.467502118034,2354.918876280848,0.052330194626409594,3.7857582033183803
8,64,80106,14526.851538442224,2431.5348399566574,0.0526630069439124,3.785434166384306
8,65,80107,14569.544682198828,2388.841696200054,0.052511554526293955,3.7697659987711942
8,66,80108,14574.612926748363,2383.773451650519,0.05126945424243759,3.919234796247155
8,67,80109,14565.388376856492,2392.99800154239,0.049916928725859656,3.838055332370839
8,68,80110,14626.652955208292,2331.7334231905897,0.047918783423944414,3.980313352908145
8,69,80111,14534.627566014424,2423.758812384458,0.05233211245866071,3.8378480220221585
8,70,80112,14588.829382493457,2369.5569959054246,0.048144332976648996,3.9267862451923734
8,71,80113,14623.231475697263,2335.154902701619,0.04787379129303002,3.8126768491297627
8,72,80114,14579.467581280647,2378.9187971182346,0.0506100298050923,3.856371238685721
8,73,80115,14580.021228684569,2378.365149714313,0.050292750828656495,3.956896031607251
8,74,80116,14561.080395903919,2397.3059824949632,0.050548937970805084,3.863141050151854
8,75,80117,14534.615758257307,2423.770620141575,0.052360733084815536,3.8423558375118714
8,76,80118,14534.620515866794,2423.7658625320873,0.05235215123571636,3.840656857359982
8,77,80119,14534.618251210988,2423.7681271878937,0.05234169059584413,3.83968416223159
8,78,80120,14534.650049040889,2423.736329357993,0.05232378260917292,3.8409523555064373
8,79,80121,14569.484013087867,2388.9023653110144,0.050728161836506656,3.909085792801552
8,80,80122,14569.500063834947,2388.8863145639352,0.050669296618665975,3.9034697532281735
8,81,80123,14534.666676540492,2423.71970185839,0.05224771589649588,3.8391887946809278
8,82,80124,14526.8291356881,2431.557242710782,0.05269776018598807,3.784587097702727
8,83,80125,14561.994871981948,2396.391506416934,0.05065806177133342,3.854197148310305
8,84,80126,14534.617360109072,2423.7690182898095,0.05233328321811058,3.844047557751992
8,85,80127,14617.828280291862,2340.5580981070198,0.04833077347259619,3.91946285881414
8,86,80128,14527.076742806708,2431.3096355921734,0.0526174625508329,3.8096825934073744
8,87,80129,14603.452410069363,2354.9339683295184,0.05233347105154639,3.7858628037315554
8,88,80130,14577.501299523103,2380.885078875779,0.050144543178800655,3.901745993813924
8,89,80131,14590.693767690029,2367.692610708853,0.04945278255479764,3.897551757595777
8,90,80132,14572.846200609012,2385.5401777898696,0.05098937197899827,3.926109763707628
8,91,80133,14534.656179537616,2423.7301988612653,0.0523361115143563,3.841375032491504
8,92,80134,14575.257777313424,2383.1286010854583,0.04907959248135521,3.8892133792236905
8,93,80135,14579.460884814393,2378.9254935844892,0.05069669646710878,3.8556925540510494
8,94,80136,14611.283070641191,2347.1033077576903,0.051271508437885714,3.8804174520152204
8,95,80137,14569.670349017224,2388.716029381658,0.04991016427710447,3.82080874650318
8,96,80138,14526.849687032805,2431.5366913660764,0.05260230649755573,3.784770723275896
8,97,80139,14628.031541276649,2330.354837122233,0.04796234231622393,3.967303340195108
8,98,80140,14526.736496548036,2431.649881850846,0.052734983313332234,3.7853829436908017
8,99,80141,14569.69032708064,2388.696051318242,0.050698531968730524,3.9471179459862307
8,100,80142,14575.428756126066,2382.9576222728156,0.04882137744573151,3.915776701899845
9,1,90043,14381.607354484648,2576.779023914234,0.05154396392016447,3.8015049207225413
9,2,90044,14354.548874150878,2603.837504248004,0.05303773548050167,3.718111171808487
9,3,90045,14402.443712312288,2555.942666086594,0.04956314807848337,3.8094077582364907
9,4,90046,14438.236779490113,2520.149598908769,0.04952597435260255,3.7798094698465246
9,5,90047,14402.723132142552,2555.6632462563302,0.05321928527565594,3.8159626689482007
9,6,90048,14354.314028185629,2604.0723502132532,0.053145415309514124,3.7278052265880053
9,7,90049,14402.245214348706,2556.1411640501756,0.04976544581762191,3.8173874604970175
9,8,90050,14476.657318964335,2481.729059434547,0.047413877359394736,3.8003813643113267
9,9,90051,14354.303585714624,2604.0827926842576,0.053190589632512886,3.7275402702005227
9,10,90052,14407.70926265726,2550.6771157416224,0.050628732177034286,3.835129041186213
9,11,90053,14354.749625203696,2603.6367531951855,0.05339774486327651,3.7229617843809026
9,12,90054,14364.587733679084,2593.798644719798,0.05343772191814196,3.715364877601768
9,13,90055,14381.6392086987,2576.747169700182,0.05153687578334152,3.8011532583812118
9,14,90056,14381.62572727154,2576.7606511273425,0.05152455447978223,3.8033317457072005
9,15,90057,14402.25135944699,2556.1350189518926,0.04969959827983469,3.8181845944165906
9,16,90058,14422.978571783928,2535.407806614954,0.04955658417304555,3.839516486217234
9,17,90059,14416.759554273782,2541.6268241251,0.04893715379675832,3.829211303583632
9,18,90060,14354.308807718733,2604.0775706801487,0.05315934313771644,3.728967108312102
9,19,90061,14409.673195707917,2548.7131826909645,0.051544546999511234,3.815239479292448
9,20,90062,14448.75514546642,2509.631232932461,0.052381475877830215,3.8663526420650265
9,21,90063,14354.320548263076,2604.0658301358053,0.053184277892556135,3.726804103969556
9,22,90064,14373.181639610902,2585.2047387879793,0.05319319510152602,3.736359170614446
9,23,90065,14447.529942273773,2510.8564361251083,0.05260436889562489,3.8050701083001996
9,24,90066,14364.560336558825,2593.826041840057,0.053446283623303545,3.7171130357105895
9,25,90067,14389.510418134858,2568.875960264024,0.0517797860578352,3.803796693222265
9,26,90068,14354.28186052957,2604.104517869311,0.053249070978041935,3.7262111716790707
9,27,90069,14361.933646678062,2596.4527317208194,0.05408305697972063,3.7476999141979173
9,28,90070,14370.114257326482,2588.2721210723994,0.054244370013393724,3.7617159294641147
9,29,90071,14364.573462144213,2593.8129162546684,0.05339221265532348,3.714113223822074
9,30,90072,14408.307328190273,2550.0790502086093,0.05038944253843765,3.693115201712053
9,31,90073,14354.312652729632,2604.07372566925,0.05322832890868797,3.7266777935768918
9,32,90074,14445.622200839261,2512.7641775596203,0.04978487972387374,3.7887511132701217
9,33,90075,14373.169680468667,2585.2166979302147,0.05323733016203189,3.7381060079844426
9,34,90076,14405.418359683907,2552.968018714975,0.05104211056559435,3.7626069516185945
9,35,90077,14413.267375133397,2545.119003265485,0.051980400625931227,3.885299389555983
9,36,90078,14362.712756616362,2595.67362178252,0.054043996441113906,3.728290588927086
9,37,90079,14407.88634972146,2550.500028677421,0.050712308652676806,3.828557834758401
9,38,90080,14453.311269060365,2505.075109338517,0.04935092669974118,3.8222971432418973
9,39,90081,14406.624687797072,2551.76169060181,0.052907556399322445,3.7505778440607185
9,40,90082,14364.581582244024,2593.804796154858,0.053449627886648435,3.7134594413071804
9,41,90083,14371.98371076688,2586.402667632001,0.05417576483719085,3.769427320356427
9,42,90084,14362.770574278875,2595.615804120007,0.053988559810146684,3.7274695939266542
9,43,90085,14374.978728739528,2583.4076496593534,0.052115562633827925,3.7328846943041674
9,44,90086,14354.548277667382,2603.8381007315,0.053086536759441104,3.7172330482059763
9,45,90087,14370.294392169679,2588.091986229203,0.0540737191620003,3.79907076347425
9,46,90088,14354.492277045865,2603.8941013530166,0.0530869725936103,3.7230801233900257
9,47,90089,14369.581943942198,2588.8044344566842,0.05314546836508372,3.706814808942389
9,48,90090,14354.562797704048,2603.823580694834,0.05308414529555392,3.7194692801102565
9,49,90091,14406.634168792254,2551.7522096066277,0.05288993045358888,3.751559637798859
9,50,90092,14428.104814480725,2530.281563918157,0.04982026854425814,3.7563193917796167
9,51,90093,14373.213567817027,2585.1728105818547,0.05318053798885919,3.7349037194854824
9,52,90094,14371.981350546277,2586.4050278526047,0.0541804646475936,3.769742431973298
9,53,90095,14370.27148416773,2588.114894231152,0.05411815837151503,3.798445437208181
9,54,90096,14434.228565243735,2524.157813155147,0.04865870392672681,3.853387724821881
9,55,90097,14354.687494514514,2603.698883884368,0.053387704102448016,3.7219483327490845
9,56,90098,14373.179600600613,2585.2067777982684,0.05319465428764802,3.7372281191997905
9,57,90099,14354.569538403171,2603.8168399957103,0.05307770429182882,3.717443629031781
9,58,90100,14408.018238640574,2550.3681397583077,0.05068622498185656,3.8276578816405933
9,59,90101,14364.58921749966,2593.797160899221,0.05337270634623658,3.7149370008319087
9,60,90102,14412.628454359838,2545.757924039044,0.0517711650725206,3.899295351577432
9,61,90103,14354.274226887237,2604.1121515116447,0.05318248101835672,3.7259592103295285
9,62,90104,14354.563760404713,2603.8226179941685,0.05308686519809439,3.72023517868502
9,63,90105,14373.191543170233,2585.194835228649,0.05311939583695034,3.7430508433503626
9,64,90106,14363.396811529938,2594.989566868944,0.05413714849666168,3.760344627067431
9,65,90107,14374.733642490424,2583.6527359084575,0.05202699655116421,3.760110127409686
9,66,90108,14418.953285007039,2539.4330933918427,0.05012877319429624,3.7659427147654387
9,67,90109,14354.286729481628,2604.099648917254,0.05323052719760219,3.728128171147672
9,68,90110,14361.93532372231,2596.4510546765723,0.054003502229766215,3.7496955865291874
9,69,90111,14448.650421145496,2509.735957253386,0.052302512678004426,3.896176161890815
9,70,90112,14386.430493101525,2571.955885297357,0.053419045530414176,3.611083154744309
9,71,90113,14406.644765507699,2551.7416128911827,0.05285387280867167,3.7648206356104077
9,72,90114,14354.306076322546,2604.080302076336,0.053212226182806265,3.7294422960706077
9,73,90115,14364.63762845714,2593.748749941742,0.0534106438384625,3.717166577555501
9,74,90116,14405.127216811183,2553.259161587699,0.05201122792466855,3.8519584398586884
9,75,90117,14428.170327473395,2530.2160509254863,0.04987027213239605,3.7542481840459936
9,76,90118,14373.17467308168,2585.2117053172024,0.05319536506712082,3.7367315105497463
9,77,90119,14361.888745343334,2596.4976330555473,0.05396817612142572,3.742655486090517
9,78,90120,14373.279045083029,2585.107333315853,0.053122171802885636,3.735365788156116
9,79,90121,14354.325215713749,2604.0611626851332,0.053199327509418276,3.7247785246186944
9,80,90122,14374.826826952893,2583.559551445989,0.05219956247638522,3.737978818274036
9,81,90123,14387.621627449833,2570.764750949049,0.05203052667558493,3.7501376053513074
9,82,90124,14354.327889317588,2604.0584890812934,0.053211999673141885,3.7249777840631677
9,83,90125,14423.916428232737,2534.4699501661453,0.04964067825155157,3.8281717640829
9,84,90126,14354.711698800587,2603.6746795982945,0.05334432648520005,3.7264447012705997
9,85,90127,14434.247172960077,2524.139205438805,0.048677553377159094,3.8528822240153584
9,86,90128,14361.89620340643,2596.490174992452,0.053917779971924526,3.74288997183672
9,87,90129,14364.562080141348,2593.824298257534,0.053401286297672115,3.712083800643648
9,88,90130,14361.89340753499,2596.492970863892,0.053960029934623024,3.7434001009627047
9,89,90131,14354.751159687316,2603.6352187115663,0.05341653355911196,3.7245924833242166
9,90,90132,14354.712782520299,2603.673595878583,0.05336439800179261,3.7258968807047435
9,91,90133,14455.061798651695,2503.3245797471864,0.04807325025055331,3.798044007832501
9,92,90134,14364.589357596771,2593.7970208021106,0.05346565935013903,3.716138407542749
9,93,90135,14354.524839601956,2603.8615387969257,0.053119214767187214,3.720415464285738
9,94,90136,14362.946135773363,2595.4402426255183,0.05406096777416518,3.7651483433473225
9,95,90137,14373.169150274854,2585.2172281240273,0.05323733016203189,3.7380950677075386
9,96,90138,14370.397575540974,2587.988802857908,0.05389747783366326,3.8042400505338043
9,97,90139,14354.46510226161,2603.921276137271,0.05306110631130539,3.722184583381761
9,98,90140,14374.818177507743,2583.568200891139,0.052222648904409905,3.7375116138452475
9,99,90141,14408.72704506889,2549.6593333299916,0.050423470374595644,3.8764887722804113
9,100,90142,14374.732926927918,2583.653451470964,0.05188448416397829,3.7592740775128073
10,1,100043,14257.11683334014,2701.2695450587416,0.051697807063101064,3.847346667718515
10,2,100044,14243.07999993581,2715.306378463072,0.0530822372328199,3.77389538277781
10,3,100045,14201.750629650041,2756.6357487488403,0.053959745967514426,3.6334313630701622
10,4,100046,14191.525004537627,2766.861373861255,0.0552272345093654,3.6918410763334015
10,5,100047,14203.580474336524,2754.8059040623575,0.05513152437747686,3.688435258553921
10,6,100048,14255.902323185828,2702.4840552130536,0.053087654097224275,3.689866300487983
10,7,100049,14234.82750757979,2723.5588708190917,0.054795622079107514,3.6648904229985164
10,8,100050,14232.378517251702,2726.00786114718,0.052937646090129055,3.6978499326261463
10,9,100051,14203.079106613557,2755.3072717853247,0.053215622643726285,3.684700029603151
10,10,100052,14211.813950762104,2746.5724276367782,0.05378922744548727,3.679698632572042
10,11,100053,14247.602309030943,2710.784069367939,0.05203309169027243,3.7702930189454946
10,12,100054,14203.006748844251,2755.379629554631,0.05299080455793437,3.685870997357327
10,13,100055,14204.44757844493,2753.938799953952,0.05520874144953681,3.670070354009757
10,14,100056,14213.371227062336,2745.0151513365454,0.054946969138311035,3.701496637469807
10,15,100057,14250.790515943952,2707.5958624549294,0.053230538408865616,3.674539290212386
10,16,100058,14251.261574692368,2707.1248037065143,0.051817104022403894,3.786923979120212
10,17,100059,14256.155519083924,2702.2308593149573,0.05214443902543061,3.7253597556482974
10,18,100060,14211.722887524702,2746.66349087418,0.05388062399726539,3.679284126696165
10,19,100061,14273.116750628136,2685.2696277707455,0.05043192553515905,3.802041763234141
10,20,100062,14201.745421261738,2756.640957137144,0.053944789044266146,3.633663765473878
10,21,100063,14299.10056284343,2659.2858155554513,0.050989572272123265,3.820394651779936
10,22,100064,14220.439203793836,2737.947174605046,0.052651970308826755,3.6906939254550886
10,23,100065,14237.907151253752,2720.4792271451297,0.05324152192118459,3.6564704211696215
10,24,100066,14233.21806935479,2725.168309044091,0.05275518341310929,3.7779901227324464
10,25,100067,14236.616975740177,2721.769402658705,0.05187825625988771,3.77274512871906
10,26,100068,14212.558790596078,2745.8275878028035,0.053342538320472456,3.6675418648182414
10,27,100069,14211.06381651746,2747.3225618814213,0.053751886206619505,3.690808315308692
10,28,100070,14191.661965172174,2766.724413226708,0.055204816322867306,3.6947252287114694
10,29,100071,14247.030946651652,2711.35543174723,0.0529121895753245,3.6367180292919636
10,30,100072,14253.453626687478,2704.9327517114034,0.05379283319395115,3.8218930208066575
10,31,100073,14201.403777423417,2756.982600975465,0.05411800432274115,3.6385902728537
10,32,100074,14227.02935401044,2731.3570243884424,0.05380878089690218,3.6446672572138548
10,33,100075,14233.639431166748,2724.7469472321336,0.052715749973332775,3.781227370263862
10,34,100076,14212.532902453553,2745.8534759453287,0.05334870424996056,3.6676605539115954
10,35,100077,14203.018116465297,2755.368261933585,0.05295842868051342,3.685583741611461
10,36,100078,14256.640560049722,2701.74581834916,0.05202684543726273,3.72452118655067
10,37,100079,14190.456282504503,2767.9300958943786,0.05529881822595757,3.6885112087278715
10,38,100080,14203.21952643007,2755.166851968812,0.05323566879889908,3.6804466084284924
10,39,100081,14217.916323398045,2740.4700550008365,0.05369866815658677,3.7299449554633326
10,40,100082,14248.190340498959,2710.196037899923,0.05346436670077182,3.7871788518489695
10,41,100083,14201.441973859593,2756.9444045392884,0.05412291950206906,3.639585420605615
10,42,100084,14203.285805339168,2755.1005730597135,0.05292790480471824,3.6799489638508156
10,43,100085,14203.218988080424,2755.1673903184583,0.05292400624939942,3.680348742827605
10,44,100086,14296.308969301448,2662.0774090974337,0.050523260695801875,3.843875068996442
10,45,100087,14189.705576726792,2768.6808016720897,0.05537596711560312,3.666399467198814
10,46,100088,14191.80621761387,2766.5801607850117,0.05527509463724639,3.69757832374536
10,47,100089,14201.715613076134,2756.6707653227477,0.05392865371271442,3.6318831283101134
10,48,100090,14235.005352287226,2723.381026111656,0.0547215119257178,3.6612535235677277
10,49,100091,14201.817208109102,2756.5691702897802,0.05405305703474357,3.629889253951788
10,50,100092,14263.624254146962,2694.76212425192,0.0499318919862371,3.730771701934868
10,51,100093,14256.026596934498,2702.3597814643836,0.051376909943137115,3.800723796690162
10,52,100094,14284.98316498335,2673.4032134155314,0.052874482016744606,3.8492023266805147
10,53,100095,14251.04121841153,2707.3451599873515,0.05303138520908252,3.785138803120977
10,54,100096,14220.4248674003,2737.9615109985825,0.052873218924419346,3.6916304139920655
10,55,100097,14203.039064787454,2755.347313611428,0.053059830874608784,3.6873290107111294
10,56,100098,14244.897328838259,2713.4890495606232,0.053526842744812404,3.8077299837119027
10,57,100099,14211.839906064375,2746.5464723345067,0.05375899735314715,3.7280825222876026
10,58,100100,14343.796967810655,2614.589410588227,0.049014658117078794,3.6510110682021293
10,59,100101,14211.108406730607,2747.2779716682744,0.053839247441648606,3.6908091352699524
10,60,100102,14251.15660957178,2707.229768827101,0.05296915318782072,3.791569930732804
10,61,100103,14189.316273904646,2769.070104494236,0.055436897547073656,3.6564906396571986
10,62,100104,14236.77801972639,2721.6083586724926,0.05292806579394653,3.713109103262945
10,63,100105,14211.761676597194,2746.6247018016875,0.05394635766133431,3.6788490499640796
10,64,100106,14189.292796928727,2769.093581470155,0.05547533626478715,3.6580337138707875
10,65,100107,14316.513886907433,2641.872491491449,0.053441504771239406,3.762458527975261
10,66,100108,14211.077288357408,2747.3090900414736,0.05370739533326271,3.6880330717589076
10,67,100109,14242.696270843055,2715.690107555827,0.054924365937340625,3.6969293225534043
10,68,100110,14246.25406567641,2712.1323127224714,0.05074220970465428,3.722211021067499
10,69,100111,14253.70968904294,2704.6766893559416,0.052295236389735385,3.699690871699508
10,70,100112,14201.73555999224,2756.6508184066424,0.0539500902076677,3.6321898140609306
10,71,100113,14203.269361236027,2755.1170171628546,0.05291775352502322,3.678622834781963
10,72,100114,14233.135433310736,2725.250945088146,0.05282141714701866,3.7864253390644365
10,73,100115,14189.317109430896,2769.0692689679854,0.055426817103077085,3.6566290030976383
10,74,100116,14247.01639715215,2711.369981246731,0.05290601546269674,3.637121809158709
10,75,100117,14321.450781409358,2636.935596989524,0.0536761725354658,3.773620206328444
10,76,100118,14267.727552089713,2690.658826309169,0.051304427443805936,3.7667871950649507
10,77,100119,14227.025230206395,2731.3611481924872,0.053939894040629245,3.6484910369493533
10,78,100120,14238.279907536855,2720.106470862027,0.054097831105234355,3.645047835898107
10,79,100121,14237.18089210678,2721.2054862921013,0.052484831942029894,3.759065774865955
10,80,100122,14251.064213348778,2707.3221650501036,0.05295882735110896,3.7865146394741984
10,81,100123,14201.638238315143,2756.7481400837387,0.05418907369656502,3.633202196782397
10,82,100124,14204.439253371931,2753.9471250269507,0.05520823946780097,3.6708487658042586
10,83,100125,14201.443523674845,2756.942854724037,0.054120150641098416,3.636954268703793
10,84,100126,14363.184028030118,2595.2023503687633,0.05308992583664151,3.701261586112659
10,85,100127,14244.929335932975,2713.457042465907,0.05343588512947881,3.805242619454142
10,86,100128,14189.320023288834,2769.066355110048,0.055435704250939105,3.656288259851067
10,87,100129,14225.07989285253,2733.3064855463526,0.05215677820424546,3.7442849072482276
10,88,100130,14211.042878188948,2747.343500209934,0.053802848815112644,3.6886356081309537
10,89,100131,14220.382905532137,2738.003472866745,0.052745997160955745,3.6942899487661416
10,90,100132,14248.179171324455,2710.207207074427,0.05219222256264704,3.620046907925078
10,91,100133,14201.706201046094,2756.6801773527877,0.053960712048202526,3.632770562573646
10,92,100134,14190.461734362842,2767.9246440360403,0.05529454981434794,3.695010504255851
10,93,100135,14220.422523970514,2737.963854428368,0.05277819467946513,3.6992832280100414
10,94,100136,14280.299810821592,2678.0865675772893,0.05081294017061028,3.794172424669368
10,95,100137,14220.373001989487,2738.0133764093953,0.052755832800793385,3.6939342772043076
10,96,100138,14329.581415569268,2628.804962829614,0.05228626204625955,3.778256272963963
10,97,100139,14247.175648435958,2711.2107299629242,0.052844441396735393,3.635305823496412
10,98,100140,14212.40190266365,2745.984475735231,0.05503962415053402,3.6998286070619253
10,99,100141,14284.849970857593,2673.536407541289,0.04985694103209065,3.7486611065407076
10,100,100142,14218.237842353483,2740.148536045399,0.05352729516321993,3.755235747647304
